raw_response,final_class,source,note
proliferative vitreoretinopathy with tractional retinal detachment,rrd,review_correction,PVR is a complication of RRD; matches rows 240 to 242
proliferative diabetic retinopathy with fibrovascular proliferation at the optic disc (nvd) and tractional retinal detachment,pdr,review_correction,"PDR with TRD; matches rows 2, 6, 10, 36"
coats disease with exudative retinal detachment,other_named,august_policy_update,
pathologic (degenerative) myopia with tessellated fundus and peripapillary atrophy,myopic_staphyloma,august_policy_update,
tessellated (tigroid) fundus with tilted/myopic optic disc and peripapillary atrophy,myopic_staphyloma,august_policy_update,
diabetic retinopathy with hard exudates and a fibrotic/disciform macular scar,intermediate_amd,august_policy_update,
myopic (tigroid/tessellated) fundus with peripapillary atrophy,myopic_staphyloma,august_policy_update,
"pathologic (degenerative) myopia with tessellated fundus, peripapillary atrophy and macular chorioretinal atrophy",myopic_staphyloma,august_policy_update,
myopic (tilted) optic disc with peripapillary atrophy and tessellated fundus — pathologic/degenerative myopia,myopic_staphyloma,august_policy_update,
advanced diabetic retinopathy with tractional fibrovascular proliferation and preretinal/vitreous haemorrhage,pdr,august_policy_update,
myopic (tessellated) fundus with peripapillary atrophy and macular retinal pigment epithelium atrophy/degeneration,myopic_staphyloma,august_policy_update,
high myopia (tessellated fundus),myopic_staphyloma,august_policy_update,
diabetic retinopathy with hard exudates and a macular fibrotic/disciform scar,intermediate_amd,august_policy_update,
high myopia (tessellated fundus with peripapillary atrophy),myopic_staphyloma,august_policy_update,
proliferative diabetic retinopathy with tractional retinal detachment,pdr,august_policy_update,
myopic tessellated fundus,myopic_staphyloma,august_policy_update,
"pathologic (degenerative) myopia with tessellated fundus, peripapillary atrophy and myopic macular chorioretinal atrophy",myopic_staphyloma,august_policy_update,
myopic (tessellated) fundus with peripapillary atrophy,myopic_staphyloma,august_policy_update,
advanced retinopathy of prematurity with tractional retinal detachment,other_named,august_policy_update,
myopic (tessellated) fundus,myopic_staphyloma,august_policy_update,
myopic (tessellated) fundus with peripapillary atrophy — no active retinopathy,myopic_staphyloma,august_policy_update,
myopic (tessellated) fundus with peripapillary atrophy and early macular rpe atrophic changes,myopic_staphyloma,august_policy_update,
myopic (tessellated) fundus with peripapillary atrophy and macular rpe atrophy/degeneration,myopic_staphyloma,august_policy_update,
myopic (tessellated) fundus with macular chorioretinal atrophy and pigmentary changes,myopic_staphyloma,august_policy_update,
myopic tessellated fundus with temporal peripapillary atrophy,myopic_staphyloma,august_policy_update,
diabetic retinopathy with hard exudates and a large temporal fibrotic/disciform macular scar,intermediate_amd,august_policy_update,
diabetic retinopathy with macular hard exudates and a fibrotic/disciform macular scar,intermediate_amd,august_policy_update,
tessellated (tigroid) fundus with peripapillary atrophy consistent with pathological/high myopia,myopic_staphyloma,august_policy_update,
tessellated (tigroid) fundus with peripapillary atrophy consistent with pathologic/high myopia,myopic_staphyloma,august_policy_update,
tessellated (tigroid) fundus with peripapillary atrophy consistent with pathologic/degenerative myopia,myopic_staphyloma,august_policy_update,
tilted (obliquely inserted) optic disc with peripapillary atrophy in a myopic/tessellated fundus,myopic_staphyloma,august_policy_update,
pathologic (degenerative) myopia with peripapillary atrophy and tessellated fundus,myopic_staphyloma,august_policy_update,
retinal capillary hemangioblastoma with exudation and tractional retinal detachment,other_named,august_policy_update,
tessellated fundus (myopia),myopic_staphyloma,august_policy_update,
degenerative myopia,myopic_staphyloma,august_policy_update,
myopic temporal peripapillary crescent,myopic_staphyloma,august_policy_update,
myopic (tessellated) fundus with peripapillary atrophy and diffuse chorioretinal atrophy,myopic_staphyloma,august_policy_update,
choroidal melanoma (pigmented choroidal mass with overlying subretinal fluid) with associated exudative retinal detachment and lipid exudate,other_named,august_policy_update,
myopic peripapillary crescent,myopic_staphyloma,august_policy_update,
myopic (tilted) disc with tessellated fundus and peripapillary atrophy,myopic_staphyloma,august_policy_update,
myopic (tilted) disc with peripapillary atrophy and tessellated fundus,myopic_staphyloma,august_policy_update,
geographic atrophy,intermediate_amd,august_policy_update,
myopia (tessellated fundus with peripapillary atrophy),myopic_staphyloma,august_policy_update,
tessellated (tigroid) fundus,myopic_staphyloma,august_policy_update,
high myopia,myopic_staphyloma,august_policy_update,
